世界排名,学校名称,地区,综合得分,学术声誉,雇主声誉,每位教员引用率,师生比
1,麻省理工学院,美国,100,100,100,100,100
2,剑桥大学,英国,98.8,100,100,92.3,100
3,斯坦福大学,美国,98.5,100,100,99.9,100
4,牛津大学,英国,98.4,100,100,90,100
5,哈佛大学,美国,97.6,100,100,100,99.4
6,加州理工大学,美国,97,96.5,87.1,100,100
6,帝国理工学院,英国,97,98.3,99.7,86.5,99.5
8,伦敦大学学院,英国,95,99.4,98.6,77,97.6
9,苏黎世联邦理工大学,瑞士,93.6,98.6,91.3,99.2,74.2
10,芝加哥大学,美国,93.2,99.2,92.2,86.8,92.9
11,新加坡国立大学,新加坡,92.7,99.5,94.1,91.8,79.8
12,北京大学,中国大陆,91.3,99.3,96.5,96.7,87.3
13,宾夕法尼亚大学,美国,90.6,96.5,92.5,70.9,99.9
14,清华大学,中国大陆,90.1,98.9,97.7,98.1,92.8
15,爱丁堡大学,英国,89.5,98,97.2,70.1,81.1
16,洛桑联邦理工学院,瑞士,89.2,83.7,71.8,99.4,91.1
16,普林斯顿大学,美国,89.2,99.9,98.9,100,72.6
18,耶鲁大学,美国,89,99.9,100,51.5,100
19,南洋理工大学,新加坡,88.4,90.4,76.1,94.1,83.2
20,康奈尔大学,美国,87.2,98.3,91.4,99.3,62.2
21,香港大学,中国香港,87,97.4,62.9,72.6,84.2
22,哥伦比亚大学,美国,86.7,99.7,98.1,47.2,100
23,东京大学,日本,85.3,100,99.7,73.3,91.9
24,约翰霍普金斯大学,美国,85.1,87.9,47.2,87.3,100
25,密歇根大学,美国,84.4,98.5,91.3,62.5,88.9
26,巴黎科学艺术人文大学,法国,83.8,74.4,97,84.1,99.8
27,加州大学伯克利分校,美国,82.7,100,100,99.9,23.9
28,曼彻斯特大学,英国,82.3,95.1,97.7,59,63.1
29,首尔国立大学,韩国,82.2,98.6,97.8,70.3,87
30,澳大利亚国立大学,澳大利亚,82.1,93.6,70.1,99.3,38
31,麦吉尔大学,加拿大,81.9,93.3,93.6,59.6,68.9
32,西北大学,美国,81.8,84.4,71.9,84.2,98.3
33,墨尔本大学,澳大利亚,81.6,98.6,94.9,95,17.9
34,复旦大学,中国大陆,81.5,83.6,93.5,70.4,89.3
34,多伦多大学,加拿大,81.5,99.6,98.3,43.5,65.6
36,京都大学,日本,81.4,98.6,98.9,54.2,94.8
37,伦敦国王学院,英国,81.2,88.8,83.2,60.5,74.5
38,香港中文大学,中国香港,80.6,87.3,49.6,92.9,60.9
39,纽约大学,美国,80.3,95.9,99,28.9,98.1
40,香港科技大学,中国香港,79.8,82,50.1,98.6,62.6
41,悉尼大学,澳大利亚,79.6,96.2,91.7,92.1,15.6
42,韩国科学技术研究所,韩国,79.3,88.1,85.8,97.7,68.9
42,浙江大学,中国大陆,79.3,72.2,95.3,88.4,78.7
44,加州大学洛杉矶分校,美国,78.7,100,99.9,85.9,37.7
45,新南威尔士大学,澳大利亚,78,89,91.1,97.6,16.8
46,上海交通大学,中国大陆,77.4,82.7,90.2,97.1,57.7
47,不列颠哥伦比亚大学,加拿大,77,98,95.4,42.1,56.5
48,巴黎理工学院,法国,76.8,45.3,99.4,93.9,98.9
49,慕尼黑工业大学,德国,76.4,84,96.8,25.8,96.4
50,杜克大学,美国,74.8,86.1,79.8,41.2,100
50,昆士兰大学,澳大利亚,74.8,86.6,75.6,90.8,20.2
52,卡内基梅隆大学,美国,74.6,72.1,69,100,58.6
53,加州大学圣地亚哥分校,美国,74.5,90,61.6,77,55.6
54,香港城市大学,中国香港,73.6,57.3,29.4,98.1,88.6
55,东京工业大学,日本,72.5,74.1,93.4,65.9,81.5
56,伦敦经济政治学院,英国,72.3,69,98.3,84.6,37.8
57,蒙纳士大学,澳大利亚,71.6,87.6,80.8,79.3,11.2
58,阿姆斯特丹大学,荷兰,71.1,82.7,42.3,97.3,26.7
59,路德维希 - 马克西米利安 - 慕尼黑大学,德国,70.4,92.6,75.7,45.5,56
60,索邦大学,法国,70.1,90,41.7,86.3,40.6
61,代尔夫特理工大学,荷兰,70,71.6,80.2,84.4,34.5
61,布里斯托大学,英国,70,74.4,84.1,55.3,58.3
63,布朗大学,美国,69.6,57.6,54.2,89.9,80.8
64,华威大学,英国,69.1,71.8,89.3,63.1,43.1
65,鲁普莱希特-卡尔斯-海德堡大学,德国,69,78.7,40.3,41.1,99.8
65,香港理工大学,中国香港,69,66.1,37,68.9,78.4
67,布宜诺斯艾利斯大学,阿根廷,68.9,92.3,94,1.8,76
68,大阪大学,日本,68.2,80.2,85.4,59.1,67.4
69,巴黎萨克雷大学,法国,68.1,57.2,99.2,49.5,99.7
70,马来亚大学,马来西亚,67.9,79.6,94.9,39.4,67.8
71,浦项科技大学,韩国,67.7,47.4,69.4,98,100
72,德克萨斯大学奥斯汀分校,美国,67.4,93.7,85.2,90.9,9.8
73,延世大学,韩国,67,75.5,95.5,28.4,88.6
74,高丽大学,韩国,66.9,79.3,93.9,29.5,86.1
75,罗蒙诺索夫莫斯科国立大学,俄罗斯,66.8,80.5,77,5.3,99.8
76,鲁汶大学,比利时,66,83.8,53,92.7,7.7
77,中国台湾大学,中国台湾,65.7,92.3,92.6,49.7,33.4
78,南安普敦大学,英国,65,50.7,56.6,82.7,63.3
79,东北大学,日本,64.9,71.8,78.1,34.2,98.6
80,华盛顿大学,美国,64.7,84.8,48.6,100,10.8
81,格拉斯哥大学,英国,64.6,75.1,75.1,34.7,50.5
82,哥本哈根大学,丹麦,64.1,72.8,36.6,26,100
83,威斯康星大学麦迪逊分校,美国,63.7,82.4,48.1,41.9,70.6
83,苏黎世大学,瑞士,63.7,58,39.2,49.3,93.3
85,伊利诺伊大学香槟分校,美国,63.6,85.6,60.9,88.7,9.5
86,利兹大学,英国,62.8,70.2,78.4,47.8,41.6
87,奥克兰大学,新西兰,62.7,81.5,48.3,54.1,22.4
88,乔治亚理工学院,美国,62.3,67.7,77,95.5,11.1
89,皇家理工学院,瑞典,62.1,45.8,58.2,76.4,70
90,西澳大学,澳大利亚,61.7,55.6,49.9,98.9,21.8
91,伯明翰大学,英国,61.1,66,74.7,45.9,44.1
92,杜伦大学,英国,60.9,57.9,89.2,65.7,31
93,宾夕法尼亚州立大学,美国,60.8,76.7,69.8,67.7,32.6
94,中国科学技术大学,中国大陆,60.7,51.6,12.4,99.9,86.6
95,隆德大学,瑞典,60.1,68.8,50.9,41.4,51.3
96,谢菲尔德大学,英国,59.5,58.7,53.5,46.9,59.4
96,圣安德鲁斯大学,英国,59.5,46.2,67.6,58.9,61.1
98,都柏林三一学院,爱尔兰,59.1,67.9,48.2,60.2,25.7
99,成均馆大学,韩国,58.9,60.2,72.7,37.8,83.9
100,赖斯大学,美国,58.8,38.8,26.1,86.7,69.5
101,奥斯陆大学,挪威,58.7,54.9,14.5,62.7,83.8
102,加州大学戴维斯分校,美国,58.2,64.8,51,68.7,27.1
102,北卡罗来纳大学教堂山,美国,58.2,65.5,44.7,46.6,80.4
104,丹麦技术大学,丹麦,58,30.9,23.4,70.8,100
104,墨西哥国立自治大学,墨西哥,58,96,95.1,2.9,43.2
106,阿卜杜勒·阿齐兹国王大学,沙特阿拉伯,57.8,48.4,70.7,50.6,66.3
106,赫尔辛基大学,芬兰,57.8,65.3,44.6,49.8,66.5
108,波士顿大学,美国,57.2,62.3,57.2,61.6,40.4
109,阿德莱德大学,澳大利亚,57,52.3,35.2,94.5,17.2
110,阿尔伯塔大学,加拿大,56.9,55.1,48.9,53.9,51.5
111,里昂高等师范学院,法国,56.6,31.8,12.6,96.4,94.3
112,名古屋大学,日本,56.3,59.8,54.3,33.9,90.6
112,乌得勒支大学,荷兰,56.3,65.8,26.6,79.6,35.1
114,诺丁汉大学,英国,56.2,59,75.3,45.2,36.9
115,圣保罗大学,巴西,56.1,91.8,69.9,40.6,17.4
116,阿尔托大学,芬兰,55.9,44.5,45.8,89.3,44.4
116,蒙特利尔大学,加拿大,55.9,57.4,47.2,27.6,76.2
118,柏林自由大学,德国,55.8,80.7,44.9,63.5,4
118,华盛顿大学在圣路易斯,美国,55.8,40.1,15.3,55.6,99.9
120,伯尔尼大学,瑞士,55.7,30.3,35.5,98.3,64.9
121,智利天主教大学,智利,54.9,91.8,98.1,12.5,22.3
122,纽卡斯尔大学,英国,54.8,46.2,83.8,58.9,39.1
123,马来西亚博特拉大学,马来西亚,54.7,56.8,59.2,19.5,75.4
124,瓦赫宁根大学,荷兰,54.6,42.8,17,48.2,97.4
125,查尔姆斯理工大学,瑞典,54.5,27.9,60.7,81.6,60.5
125,伦敦大学皇后玛丽学院,英国,54.5,48.9,36.2,62.6,42.8
125,日内瓦大学,瑞士,54.5,46.5,20,74,44.8
128,乌普萨拉大学,瑞典,54.3,63.6,27.4,43.4,43.4
129,普渡大学,美国,54.2,62.7,73.1,70.9,11.7
129,马来西亚国民大学,马来西亚,54.2,57.9,62,9.4,93.1
131,柏林洪堡大学,德国,54.1,90.1,55.6,29.5,8.7
131,莱顿大学,荷兰,54.1,68.1,23.4,65.8,22.2
133,南京大学,中国大陆,53.9,57.7,17.7,96.1,32.3
134,南加州大学,美国,53.7,54.6,59.1,71.7,28.4
135,九州大学,日本,53.5,56.6,65,26.8,84.9
136,巴塞尔大学,瑞士,53.3,28,26.8,95.7,53.8
137,悉尼科技大学,澳大利亚,53.2,41.8,66.1,90.4,9.6
138,埃因霍芬理工大学,荷兰,52.7,28.9,72.8,78.2,50.5
139,米兰理工大学,意大利,52.4,67.8,76.8,53.5,5.4
140,俄亥俄州立大学,美国,52,61.1,62.2,34.6,51.1
141,北海道大学,日本,51.9,55.6,60.7,30,77.8
141,卡尔斯鲁厄理工学院,德国,51.9,44.7,67.7,72,33.3
143,根特大学,比利时,51.6,54,30.1,26.9,83.2
143,马来西亚理科大学,马来西亚,51.6,59.7,66.6,13.4,65.2
145,格罗宁根大学,荷兰,51.4,51.6,21.6,42.2,54.4
146,兰卡斯特大学,英国,51.2,39.6,30,82.2,31.5
147,亚琛工业大学,德国,51.1,49.5,88.7,73.3,5.4
147,罗切斯特大学,美国,51.1,23.8,20.1,55,99.3
149,加州大学圣芭芭拉分校,美国,50.9,55.9,24,97.2,10.6
150,哈拉克国立大学,哈萨克斯坦,50.8,49.1,76.9,1.3,98.3
151,维也纳大学,奥地利,50.6,69.4,55.3,14.1,24.2
152,麦克马斯特大学,加拿大,50.4,39.9,50.2,21.3,84.7
153,斯德哥尔摩大学,瑞典,50.1,54.5,17.7,62.5,29.2
154,滑铁卢大学,加拿大,50,40.2,77.6,82.5,7
155,埃默里大学,美国,49.5,25.2,15.7,68.7,99.1
155,印度科学研究所班加罗尔,印度,49.5,37.6,22.9,100,56.3
157,汉阳大学,韩国,49.4,45,79.1,17.6,83.2
158,柏林工业大学,德国,49.3,55.1,64.9,23.6,48.5
159,密歇根州立大学,美国,48.9,60.5,61.4,58.9,12.9
160,法赫德法国石油和矿物大学,沙特阿拉伯,48.8,30.3,24.9,50.9,88.5
161,奥胡斯大学,丹麦,48.6,55.6,33.5,55.2,32.4
162,约克大学,英国,48.4,43.3,36.1,48.6,45
163,埃克塞特大学,英国,48.2,41.1,56.1,55.3,31.5
164,德州农工大学,美国,47.9,61.5,65,67.8,5
164,马里兰大学，学院公园,美国,47.9,51.2,35.6,71.1,37.1
166,卡迪夫大学,英国,47.8,46,47.7,41.8,40.3
167,博洛尼亚大学,意大利,47.5,78.5,43.1,49.7,3.5
167,智利大学,智利,47.5,80,92,13.9,12.5
169,蒂宾根大学,德国,47.2,44.7,21,14.9,96.7
170,蒙特雷科技大学,墨西哥,47.1,48.8,92.8,2.2,72.9
171,萨皮恩扎 - 罗马大学,意大利,46.8,78,36.6,50.2,4.5
172,印度理工学院孟买分校,印度,46.7,53.3,86.5,55.1,25.8
172,韦仕敦大学,加拿大,46.7,30.6,60.5,96.9,4.6
174,国立路桥学校,法国,46.5,8.4,55.3,56.7,97.4
174,印度理工学院德里分校,印度,46.5,49,79.2,65.2,27.7
176,凯斯西储大学,美国,46.2,18.3,20.2,65.8,89.1
177,国立清华大学,中国台湾,45.9,51.3,69,47.7,34.4
178,巴塞罗那自治大学,西班牙,45.8,62.2,28.9,66.9,11.8
179,维也纳技术大学,奥地利,45.7,30.9,50.3,86.6,12.3
179,巴斯大学,英国,45.7,34.4,68.9,59.1,19.9
181,哈利法大学,阿拉伯联合酋长国,45.6,16.6,15.2,51.9,91.7
181,都柏林大学,爱尔兰,45.6,48.7,46.8,43,22.5
181,匹兹堡大学,美国,45.6,39.9,16.3,37.4,96.3
184,巴塞罗那大学,西班牙,45.5,71.9,28.1,44.5,13.6
185,哥德堡大学,瑞典,45.4,37.4,20.1,34.4,66.1
185,明尼苏达大学,美国,45.4,60.1,28.2,49.2,38.2
185,伍伦贡大学,澳大利亚,45.4,29.4,34.1,88,20.9
188,佛罗里达大学,美国,45.3,48.5,47,26.4,71.4
189,弗莱堡大学,德国,45.2,47.4,18.6,57.3,36.5
190,皇家墨尔本理工大学,澳大利亚,44.6,36.6,55.5,66,6.7
190,利物浦大学,英国,44.6,42.7,34.3,33.7,41.5
192,纽卡斯尔大学,澳大利亚,44.5,29.1,25.7,86.7,34.1
193,科廷大学,澳大利亚,44.4,30.5,41.2,89.4,13.9
194,武汉大学,中国大陆,44.3,38.8,56.6,88.1,13.8
195,麦考瑞大学,澳大利亚,44.2,30.9,48.9,74.6,13.6
195,法语天主教鲁汶大学,比利时,44.2,49.7,43,61.7,5.4
197,庆应义塾大学,日本,44.1,50.3,91.9,6.6,60.3
197,蔚山国立科学技术院,韩国,44.1,11.8,7.4,99.9,79.8
199,范德比尔特大学,美国,43.9,25.9,22.2,38.5,100
200,德累斯顿工业大学,德国,43.6,37.4,37,14.9,89.1
201,波恩大学,德国,43.3,51.3,16.9,15.1,68.1
202,国立阳明交通大学,中国台湾,43.2,34.8,74.6,46.2,50.3
203,马来西亚工艺大学,马来西亚,43,44.5,55.9,28.6,46.3
203,洛桑大学,瑞士,43,30.6,16.8,61,43.5
205,达特茅斯学院,美国,42.8,19.2,25.9,86.7,65.2
205,早稻田大学,日本,42.8,58.7,96.5,4.4,27.2
207,卑尔根大学,挪威,42.7,33.8,8.1,41.1,76
208,鹿特丹伊拉斯谟大学,荷兰,42.6,35.6,47,54.9,28.3
208,卡塔尔大学,卡塔尔,42.6,24.4,33.2,36.9,61.1
210,金边大学,巴西,42.5,68.7,32.7,43.2,11.6
210,布鲁塞尔自由大学,比利时,42.5,34.3,50.4,67.8,4.1
212,同济大学,中国大陆,42.4,33.2,10,87.5,26.6
212,特温特大学,荷兰,42.4,20.2,36.3,67.9,37
214,阿姆斯特丹自由大学,荷兰,42.3,39.7,12.6,70,30
215,马德里自治大学,西班牙,42.2,59,55.5,20.8,37.3
215,乔治奥古斯特哥廷根大学,德国,42.2,49.3,21.5,18.7,64.1
217,哈尔滨工业大学,中国大陆,42,26.6,8.9,96.5,50.5
217,奥塔哥大学,新西兰,42,47.1,34.3,51.4,12.5
219,亚利桑那州立大学,美国,41.8,46.7,40.2,59.9,8.2
220,洛斯安第斯哥伦比亚大学,哥伦比亚,41.6,62.9,95,6.1,19.5
220,阿伯丁大学,英国,41.6,28.3,36,50.6,33.5
222,昆士兰科技大学,澳大利亚,41.5,39.5,40,65.1,7.7
222,希伯来大学,以色列,41.5,34.8,23.8,28.7,78.8
224,朱拉隆功大学,泰国,41.4,65.1,63.8,6.2,34.6
224,国立成功大学,中国台湾,41.4,47.2,71.9,22.2,40.7
226,马德里康普顿斯大学,西班牙,41.2,69.2,57.4,10.2,22.3
226,南方科技大学,中国大陆,41.2,7.8,1.7,80.9,97.7
228,汉堡大学,德国,40.7,50.8,19.8,58.9,16
229,雷丁大学,英国,40.4,33.2,29.1,55,20.9
230,鲍曼莫斯科国立技术大学,俄罗斯,40.3,27.2,50.2,1.4,100
231,加札马达大学,印度尼西亚,40.2,49.1,55.1,1.6,62.3
232,雷德布德大学奈梅亨,荷兰,40,29.9,13.5,82.4,27.6
233,贝尔法斯特女王大学,英国,39.9,31.7,27.6,37.3,34.5
233,庞培法布拉大学,西班牙,39.9,30.8,26.2,91.5,9.9
235,万隆理工学院,印度尼西亚,39.5,43.7,54.3,2.3,62.2
235,加州大学欧文分校,美国,39.5,39.7,18.4,59.9,12.9
237,沙特国王大学,沙特阿拉伯,39.4,34.5,13.1,29.3,60.8
237,开普敦大学,南非,39.4,43.6,50.7,44.6,15.7
237,渥太华大学,加拿大,39.4,25.9,38.8,80.3,4.4
240,提契诺大学,瑞士,39.2,5.3,4.6,47.2,85
240,苏塞克斯大学,英国,39.2,23.9,6.8,80.5,16.2
242,卡尔加里大学,加拿大,39,36.1,50.5,41.9,21.2
243,哥伦比亚国立大学,哥伦比亚,38.9,67.5,93.4,3.6,6.1
243,圣母大学,美国,38.9,26.6,44.2,47.3,61.5
243,帕多瓦大学,意大利,38.9,56.2,30.4,51.9,9.3
246,女王大学,加拿大,38.8,38.6,69,49.6,6.1
246,耶什华大学,美国,38.8,2.6,3.7,98.5,85.5
248,印度尼西亚大学,印度尼西亚,38.7,47.5,62.4,1.9,44.9
248,巴黎大学,法国,38.7,34.7,6.8,91.5,11.9
250,印度理工学院马德拉斯分校,印度,38.6,38,58.3,58.3,27.6
251,布鲁塞尔大学,比利时,38.5,22.7,16.1,23.8,76.2
252,贝鲁特美国大学,黎巴嫩,38.4,27.2,40.7,20,62.1
253,马萨诸塞大学，阿默斯特,美国,38.3,40.7,16.8,65.3,13.7
253,纳瓦拉大学,西班牙,38.3,29.4,66.4,15.1,59.7
253,弗吉尼亚大学,美国,38.3,35.2,37.5,36.5,60.7
256,拉夫堡大学,英国,38.1,29.9,65.9,37.7,22.2
256,玛希隆大学,泰国,38.1,40.5,42.7,5.2,79.3
256,文莱达鲁萨兰国大学,文莱,38.1,19.1,9.8,8.5,96.5
259,巴黎政治学院,法国,38,18.7,31.9,3.3,93.6
260,新西伯利亚州立大学,俄罗斯,37.9,27.3,15.9,15.7,94
260,特拉维夫大学,以色列,37.9,32.7,19.2,99.7,4.2
262,北京师范大学,中国大陆,37.8,36.3,6.4,76.4,27.7
262,亚利桑那大学,美国,37.8,39.6,22.4,21.5,67.6
264,印度理工学院坎普尔分校,印度,37.6,32.6,49.3,79,17.4
264,托木斯克州立大学,俄罗斯,37.6,22.9,11.2,6.3,99.6
266,迪肯大学,澳大利亚,37.5,27.6,30.7,66.8,4.7
267,物理莫斯科与技术研究所州立大学,俄罗斯,37.3,19.7,22.5,16,97.9
267,罗格斯大学 - 新泽西州立大学新不伦瑞克分校,美国,37.3,37.6,35.6,26.3,51.3
267,中山大学,中国大陆,37.3,34.4,32.5,46,52.6
270,印度理工学院克勒格布尔分校,印度,37.2,30.2,48.3,86.4,13
270,庆熙大学,韩国,37.2,24.9,39,13.3,85.7
270,爱尔兰国立高威大学,爱尔兰,37.2,26.4,31.6,13.5,70.7
270,圣彼得堡国立大学,俄罗斯,37.2,41.8,28.8,6.1,68.5
274,波尔图大学,葡萄牙,37.1,40.7,23.8,71.4,12.8
275,达姆施塔特技术大学,德国,36.9,20.8,38.8,81.4,6.1
275,惠灵顿维多利亚大学,新西兰,36.9,44.8,30.1,30.9,10.5
277,国立欧亚大学,哈萨克斯坦,36.8,25.1,37.8,1.4,98.8
278,马斯特里赫特大学,荷兰,36.7,21.8,22.1,63.1,14.9
279,莱斯特大学,英国,36.6,22.2,14.9,42.7,44.6
280,安特卫普大学,比利时,36.5,22.7,12.6,44.8,55.2
281,乔治城大学,美国,36.3,31.2,44.6,27.3,55.4
281,赫里瓦特大学,英国,36.3,14.9,29.6,65.8,21.3
281,香港浸会大学,中国香港,36.3,17,12.8,39.6,50.9
284,格拉茨大学,奥地利,36.1,13.5,7.6,15.7,99.1
284,泰莱大学,马来西亚,36.1,21.5,80,6.6,55.1
284,UCSI大学,马来西亚,36.1,20.5,54.9,2.8,67.1
284,华沙大学,波兰,36.1,48.9,63.3,7.1,38.4
284,坎特伯雷大学,新西兰,36.2,38.9,39.6,33.2,11.3
288,白俄罗斯州立大学,白俄罗斯,36,24.2,39.7,1.3,96.8
288,布拉格查理大学,捷克共和国,36,45.3,34.9,10.7,41.3
288,光州科技学院,韩国,36,14.5,6.6,100,39.2
291,图尔库大学,芬兰,35.8,28.8,32.1,36.3,60.3
292,梅西大学,新西兰,35.7,29.3,19.1,22.6,37.4
293,雅盖隆大学,波兰,35.6,38,55.1,6.6,62.6
293,斯马尼亚大学,澳大利亚,35.6,16.5,7.5,85.4,14.5
295,俄罗斯人民友谊大学,俄罗斯,35.5,19.7,33.9,1.8,92.7
296,斯温本科技大学,澳大利亚,35.4,13,16.4,87,12.2
296,阿联酋大学,阿拉伯联合酋长国,35.4,26.3,36.6,11.5,59.4
296,迈阿密大学,美国,35.4,22.7,32.1,20.8,70.8
296,塔尔图大学,爱沙尼亚,35.4,25.8,10.7,14.3,88.9
300,格里菲斯大学,澳大利亚,35.2,26.1,16.6,71.7,7.6
300,巴黎第一大学,法国,35.2,64,35.7,3.4,4.7
302,西安交通大学,中国大陆,35.1,21.8,50.7,80.7,22.2
303,考克大学,爱尔兰,35,29,38.1,25.9,36.7
304,澳门大学,中国澳门,34.9,9.5,9.8,84,16.4
305,萨里大学,英国,34.7,20.4,28.1,49.6,21.5
306,华中科技大学,中国大陆,34.6,21.3,40.2,96,10.5
307,天津大学,中国大陆,34.4,18.3,4.3,92,31.2
308,戴尔豪斯大学,加拿大,34.3,18.5,21.2,63.8,14.2
308,俄罗斯国家研究型高等经济大学,俄罗斯,34.3,26.9,32.6,1.9,92.6
308,国立核研究院,俄罗斯,34.3,9.2,11.3,11.8,99.2
308,因斯布鲁克大学,奥地利,34.3,19.8,5.3,12.8,65.7
312,北卡罗来纳州立大学,美国,34.1,29.2,23,68.3,11.3
312,塔夫茨大学,美国,34.1,18.3,7.2,48.2,65.7
312,筑波大学,日本,34.1,33.9,17.5,19.2,63.5
316,乐卓博大学,澳大利亚,33.9,20.8,20.9,61.9,6.4
317,科罗拉多大学博尔德分校,美国,33.8,37,13.5,36.8,41.8
317,伊利诺伊大学芝加哥分校,美国,33.8,42,31.9,26.4,35.6
317,格勒诺布尔阿尔卑斯大学,法国,33.8,43.3,12.5,51.1,8.3
320,林雪平大学,瑞典,33.7,19.8,25.6,55,32.5
320,马德里大学卡洛斯三世大学,西班牙,33.7,31,48.4,5.3,57.1
322,喀山联邦大学,俄罗斯,33.4,20.8,7.6,3.2,91.4
323,阿根廷天主教大学,阿根廷,33.3,20.4,43.3,1.1,99.8
324,米兰大学,意大利,33.2,49.8,15,48.5,5.4
325,都灵理工大学,意大利,33.1,36.6,47.3,54,2.5
325,斯特拉斯克莱德大学,英国,33.1,25.9,41.8,33.4,18.8
327,中国台湾科技大学,中国台湾,33,25.6,37.6,25.1,52.6
328,法兰克福大学,德国,32.9,45.4,28.6,15.6,26.4
328,西蒙弗雷泽大学,加拿大,32.9,24.9,21.2,52.5,5.4
330,奥尔堡大学,丹麦,32.5,19.8,28.1,47.8,34.2
331,怀卡托大学,新西兰,32.3,18.4,13,58.2,12
332,中国台湾师范大学,中国台湾,32.2,32.7,18.6,6.3,68.3
333,里约热内卢联邦大学,巴西,32.1,58.1,25.3,8.9,19.3
334,国立科技大学伊斯兰堡,巴基斯坦,32,18.2,67.7,9.6,77
335,科隆大学,德国,31.9,36.7,31,25.6,24.8
335,里斯本大学,葡萄牙,31.9,42.5,20.5,38.2,12.3
335,乌拉尔联邦大学,俄罗斯,31.9,21.6,14,2.1,96.1
338,广岛大学,日本,31.8,22.4,13,10.3,87.2
339,印第安纳大学伯明顿分校,美国,31.7,36.6,26.3,29.4,28.4
340,埃尔朗根-纽伦堡大学,德国,31.6,23.3,13.1,85.8,2.6
340,文莱理工大学,文莱,31.6,12,7,7.6,95.1
342,东英吉利大学,英国,31.5,18.6,10.8,59.7,21.5
343,伦敦的伯克贝克学院，大学,英国,31.4,11.2,3.2,70.1,13.1
343,加泰罗尼亚理工大学,西班牙,31.4,32.5,25.8,24.7,45.1
345,莫斯科国际关系研究所,俄罗斯,31.3,12.5,24.6,1.4,100
346,梨花女子大学,韩国,31.2,23.4,22.2,9.1,79.4
347,IE大学,西班牙,31.1,6.7,47.6,2.6,66.6
347,于韦斯屈莱大学,芬兰,31.1,16.9,15.4,19.3,83.6
347,丹麦南部大学,丹麦,31.1,19.3,20.6,44.5,35.2
350,林茨大学,奥地利,31,11.4,11,20,79.5
350,康涅狄格大学,美国,31,15.5,10.7,82.8,11.5
352,挪威科技大学,挪威,30.9,33.9,27,25.1,25.5
352,耶拿大学,德国,30.9,18.4,3.3,9.2,99.9
354,邓迪大学,英国,30.8,18.9,15,30.1,35.5
355,北京理工大学,中国大陆,30.7,20.7,15,64.3,37.7
355,伦敦大学城市学院,英国,30.7,20.6,18.7,44.3,8.6
355,斯图加特大学,德国,30.7,24.1,24.2,65.8,5.7
358,布拉格化学技术研究所,捷克共和国,30.6,6.5,7.9,13,99.7
359,ITMO大学,俄罗斯,30.5,11.9,15.5,7.3,96.2
359,维多利亚大学,加拿大,30.5,17.1,9.8,71.9,3.6
361,国油大学,马来西亚,30.4,16.4,29.8,46,31.8
362,乔治华盛顿大学,美国,30.3,27.2,29,32.6,31.3
363,神户大学,日本,30.2,27.3,35.9,9.3,64.1
363,秘鲁天主大学,秘鲁,30.2,43.8,63.2,1.8,27.7
363,奎德阿萨姆大学,巴基斯坦,30.2,15.4,38.4,95.8,2.6
363,南澳大学,澳大利亚,30.2,21.7,12.7,38.2,20.8
363,弗吉尼亚理工学院,美国,30.2,28.5,25.6,38.5,20
368,林肯大学,新西兰,30.1,7.5,5.9,39.1,43.7
369,艾尔朗加大学,印度尼西亚,29.9,30.8,60.9,1.3,48.3
369,美国沙迦大学,阿拉伯联合酋长国,29.9,18.7,35.8,17.3,26.2
369,印度理工学院鲁尔基分校,印度,29.9,16,23.9,94.5,9.6
369,乌梅大学,瑞典,29.9,20,11.5,17,77.1
369,新里斯本大学,葡萄牙,29.9,28.7,20.5,35,25
369,堪萨斯大学,美国,29.9,14.9,16.1,11.2,80.5
375,乌尔姆大学,德国,29.8,7.6,3.2,34.4,80.6
375,加州大学圣克鲁兹分校,美国,29.8,18.6,5,81.4,8
375,肯特大学,英国,29.8,18.2,6.4,50.7,16.6
378,捷克技术大学在布拉格,捷克共和国,29.7,19.9,33.2,4.9,68.9
378,南开大学,中国大陆,29.7,21.2,5,70.5,28.7
380,谢里夫理工大学,伊朗伊斯兰共和国,29.6,11.6,31.8,98.3,7.7
380,夏威夷大学马诺亚分校,美国,29.6,15.6,14.3,46.1,45.4
382,圣彼得堡国立政治大学,俄罗斯,29.5,15,10.4,3.7,81.4
382,哈韦里亚纳主教大学,哥伦比亚,29.5,41,82.4,1.8,20.1
384,印度理工学院古瓦哈提分校,印度,29.3,15.1,16.9,96.3,9.5
384,苏丹卡布斯大学,阿曼,29.3,15,16.9,14.3,67.3
384,台北医科大学,中国台湾,29.3,9.7,17,17,92.3
384,威廉姆斯大学明斯特,德国,29.3,33.1,22.2,13.6,46.3
388,拉彭兰塔理工大学,芬兰,29.2,7,18.1,96.8,13.5
388,东北大学,美国,29.2,20.5,12.5,37.1,17.8
390,巴基斯坦工程与应用科学研究所,巴基斯坦,29.1,5.2,8.2,44.1,86.4
390,巴勒莫大学,阿根廷,29.1,9.7,9.9,1.1,87.8
392,中央大学,韩国,29,16.7,35.3,8.6,72.4
392,东京医科齿科大学,日本,29,10.6,4.8,15.8,100
392,奥卢大学,芬兰,29,15.6,22.6,55.6,30
392,犹他大学,美国,29,16.5,7.6,38,62.5
396,印度理工学院印多尔校区,印度,28.7,4.7,4.3,88.7,42.1
396,山东大学,中国大陆,28.7,13.8,32.8,76.4,19.2
398,托木斯克理工大学,俄罗斯,28.6,9.4,7.8,5.3,91.9
398,蒂尔堡大学,荷兰,28.6,14.8,30.7,50.1,10.6
400,瓦伦西亚政治大学,西班牙,28.4,26,10.2,17.6,60.3
400,维尔纽斯大学,立陶宛,28.4,20,27.5,3.1,79.8
402,墨西哥学院,墨西哥,28.3,14.9,3.9,1.5,100
402,伦敦皇家霍洛威大学,英国,28.3,16.8,7.5,42.5,15.8
404,比萨大学,意大利,28.2,40.6,14.7,41.7,7
405,哈萨克斯坦国家技术大学,哈萨克斯坦,28.1,18.7,28.9,1.3,79.7
406,四川大学,中国大陆,28,18.2,4,83.5,14.6
406,华南理工大学,中国大陆,28,10.7,3.5,93.7,18.6
408,科罗拉多州立大学,美国,27.9,19.1,19.2,20.8,63.5
408,以色列理工学院,以色列,27.9,25,24.3,23.2,35.4
410,韩国外国语大学,韩国,27.8,11.3,26,1.6,82.3
410,维多利亚州立大学,德国,27.8,16.2,4.2,85.5,4.6
412,布鲁内尔大学,英国,27.7,11.1,13.2,49.4,9.9
412,约翰内斯堡大学,南非,27.7,15.2,21.5,18.3,40.3
412,菲律宾大学,菲律宾,27.7,32.4,47.6,1.8,46.8
415,坦佩雷大学,芬兰,27.6,23.7,27.7,37.8,27.7
416,鲁尔大学波鸿,德国,27.5,21.4,8.9,72.6,2.2
416,石溪大学,美国,27.5,19.3,9.8,34.7,31.7
416,开罗美国大学,埃及,27.5,28.3,20.2,4.1,40.8
416,那不勒斯腓特烈二世大学,意大利,27.5,34.2,14.8,55.4,4.8
420,美因茨大学,德国,27.4,21.3,15.6,17.4,54.4
420,莱比锡大学,德国,27.4,26,6.6,9.9,66.6
422,雅典国立科技大学,希腊,27.3,18.7,45.7,67.9,5.3
422,上海大学,中国大陆,27.3,21.1,8.5,22.3,54.2
422,厦门大学,中国大陆,27.3,23.9,8.8,59.3,21.8
425,佛林德斯大学,澳大利亚,27.2,12.1,7,53.5,6.3
425,斯旺西大学,英国,27.2,18.5,33.7,24.4,25.9
425,纽约州立大学布法罗分校,美国,27.2,17.7,10.6,57.9,7.2
428,国立中山大学,中国台湾,27.1,25.3,24.9,27.3,36.7
428,科罗拉多大学丹佛分校,美国,27.1,7.9,8.2,11.6,100
428,北京科技大学,中国大陆,27.1,13.1,3.4,93.2,11.8
428,威特沃特斯兰德大学,南非,27.1,25.1,38.9,30.5,12.3
432,奥斯特拉尔大学,阿根廷,27,17.5,32.7,1.8,77.9
433,拉瓦尔大学,加拿大,26.9,20,17.8,27.6,32
434,远东联邦大学,俄罗斯,26.8,8.4,3.4,1.9,93.2
434,斯特拉斯堡大学,法国,26.8,40.7,6.8,24.9,5.1
436,国立台北理工大学,中国台湾,26.6,15.2,58.2,32.2,28.9
436,维多利亚大学圣拉斐尔大学,意大利,26.6,3,1.4,22.7,99.7
438,牛津布鲁克斯大学,英国,26.5,27,41.4,9.2,13
438,科英布拉大学,葡萄牙,26.5,30.1,13.8,38.6,14.5
438,维克森林大学,美国,26.5,5.4,7.3,12.6,100
441,圣保罗联邦大学,巴西,26.4,11.3,4.8,6.6,98.2
441,萨尔大学,德国,26.4,10.2,7.5,9,86.8
443,阿米尔卡比尔技术大学,伊朗伊斯兰共和国,26.3,5,23.4,99.6,4.9
443,南哈萨克斯坦国立大学,哈萨克斯坦,26.3,11.8,13.7,1,90.5
443,北京航空航天大学,中国大陆,26.3,13.1,4.4,67.8,31
443,伊利诺伊理工学院,美国,26.3,14.8,8.2,52.9,14.7
443,SOAS伦敦大学东方与非洲研究学院,英国,26.3,17.9,10.2,16.4,23.8
443,华盛顿州立大学,美国,26.3,25.5,24.4,36.2,15.3
449,茂物农业大学,印度尼西亚,26.2,19.6,28.5,1.7,60.7
449,哈瑟尔特大学,比利时,26.2,4.7,3.8,16.6,78.8
449,乌尔库拉大学,沙特阿拉伯,26.2,16.9,10.5,1.9,59.8
449,蒙得维的亚大学,乌拉圭,26.2,16.6,19.8,1.1,78.9
453,加州大学河滨分校,美国,26.1,17.8,8.5,61.8,8
454,斯泰伦博斯大学,南非,26,24.5,35.7,51.2,3.6
454,特罗姆瑟大学,挪威,26,12.4,3.9,9.3,73.2
456,约克大学,加拿大,25.9,22.6,31.3,28.2,6.1
457,国立科学院院校里昂,法国,25.7,7.5,31.7,32.3,37.8
457,西江大学,韩国,25.7,18.1,44.5,6.3,51.6
457,特伦托大学,意大利,25.7,24.6,9.4,46.6,18
460,佛罗伦萨大学,意大利,25.6,32.5,6.3,47.4,5.2
461,詹姆斯库克大学,澳大利亚,25.5,13.9,10.2,63.3,11.9
461,伦斯勒理工学院,美国,25.5,8.4,6.5,70.5,21
461,东南大学,中国大陆,25.5,11.1,6,68.7,29.5
461,贝尔格拉诺大学,阿根廷,25.5,9.4,17.4,1,89.8
465,埃克塞斯大学,英国,25.4,16.2,8,28.1,12.3
465,智利圣地亚哥大学,智利,25.4,41,58.1,4.9,8.3
467,国立科技大学,俄罗斯,25.3,8.2,9.9,13.7,74.2
467,哈瓦那大学,古巴,25.3,20.3,25.5,1.6,69.4
467,阿拉斯加大学费尔班克斯分校,美国,25.3,3.1,3.7,16.2,99.6
467,University of Iowa,美国,25.3,20.7,13.3,24.4,48.2
471,都柏林城市大学,爱尔兰,25.2,19.1,32.4,16.4,31.3
471,杜兰大学,美国,25.2,9.5,4.2,11.4,86.7
473,塞浦路斯大学,塞浦路斯,25.1,9,3.1,71.7,5.1
473,萨斯喀彻温大学,加拿大,25.1,12,11.7,42.5,21.9
475,长庚大学,中国台湾,25,4.8,4.9,40.5,69.4
475,都灵大学,意大利,25,37.5,6.5,39.8,3.3
477,达曼大学,沙特阿拉伯,24.9,5.8,3.7,2,81.8
477,科什大学,土耳其,24.9,20.4,36.3,23.4,31.2
477,哈勒-维滕贝格大学,德国,24.9,14.6,4.5,5.7,83.9
477,圣保罗州立大学,巴西,24.9,37,23.5,16.8,19.1
481,邦德大学,澳大利亚,24.8,4.4,6.3,16.4,45.8
481,东国大学,韩国,24.8,8.5,9.9,7.6,85.8
481,爱荷华州立大学,美国,24.8,19.4,13.9,65.8,7.9
481,哈萨克斯坦国家农业大学,哈萨克斯坦,24.8,14.7,13.8,1.1,73.5
481,马来西亚北方大学,马来西亚,24.8,19.4,23.3,6.1,42.6
486,奥克兰理工大学,新西兰,24.7,19.1,14.6,17.9,9.5
486,阿尔卑斯 - 亚德里亚安大学克拉根福,奥地利,24.7,4.3,2.9,11.4,56.6
488,亚洲大学,韩国,24.6,13.3,12.1,13.5,70
488,马德里理工大学,西班牙,24.6,30.8,50.1,10.8,17.4
490,马赛大学,法国,24.5,36,3.5,28.8,9.1
490,本·古里安大学,以色列,24.5,14.6,11.7,53,12.8
490,千叶大学,日本,24.5,16,6.7,11.1,71.8
490,吉森大学,德国,24.5,12.3,8.1,85.5,1.8
494,韩国加图立大学,韩国,24.4,4.7,2.5,9.8,98.5
494,乌拉圭大学,乌拉圭,24.4,11.7,16.3,1.2,83.2
494,格拉纳达大学,西班牙,24.4,42.1,7.8,21.7,6.4
497,布兰迪斯大学,美国,24.3,9.6,3.8,22.3,55.7
497,吉林大学,中国大陆,24.3,13.5,44.5,25.8,42
499,中南大学,中国大陆,24.2,7.3,2,96.3,5.5
499,罗马第二大学,意大利,24.2,31.6,12.6,34.3,6.8
